{
  "name": "qtip2",
  "description": "Introducing... qTip2. The second generation of the advanced qTip plugin for the ever popular jQuery framework.",
  "version": "2.2.1",
  "homepage": "http://qtip2.com",
  "location": "https://github.com/qTip2/bower",
  "repository": {
    "type": "git",
    "url": "git://github.com/qTip2/qTip2.git"
  },
  "author": "Craig Michael Thompson <craig@craigsworks.com> (http://craigsworks.com/)",
  "license": [
    "MIT"
  ],
  "keywords": [
    "tooltip",
    "tooltips",
    "jquery",
    "qtip",
    "qtip2",
    "simpletip",
    "craig thompson",
    "craig michael thompson",
    "craigsworks",
    "craga89"
  ],
  "main": [
    "./jquery.qtip.js",
    "./basic/jquery.qtip.js"
  ],
  "ignore": [
    "bin"
  ],
  "dependencies": {
    "jquery": ">=1.6.0",
    "imagesloaded": ">=3.0.0"
  },
  "_release": "2.2.1",
  "_resolution": {
    "type": "version",
    "tag": "v2.2.1",
    "commit": "2f67997b5449bb4dea568e82966fb35dc11fb84e"
  },
  "_source": "git://github.com/qTip2/bower.git",
  "_target": "2.2.1",
  "_originalSource": "qtip2",
  "_direct": true
}